horizon,vs,ic_llm,ic_other,diff,ci_lo,ci_hi,p_boot_le0,ratio
5m,finbert,0.012932354835418653,0.0032747397788877547,0.009657615056530898,-0.003983051748141915,0.024376220560168405,0.083,3.949124421669635
5m,embed,0.012932354835418653,0.020212648444409263,-0.00728029360899061,-0.03269149636509407,0.017234950142544826,0.7055,0.639814958984046
5m,random,0.012932354835418653,0.0034025949952886355,0.009529759840130016,-0.014285348841983687,0.0313188440864077,0.223,3.8007329268764845
15m,finbert,0.010775677780741387,0.002460882706222844,0.008314795074518544,-0.008073831477904324,0.02476815332862798,0.1595,4.3787856095265685
15m,embed,0.010775677780741387,0.01593058964292566,-0.005154911862184272,-0.031917719180845565,0.020278583720905578,0.6605,0.6764142459426523
15m,random,0.010775677780741387,0.0016651683064061963,0.009110509474335192,-0.014298297179453879,0.031053786503023338,0.2205,6.471224403734718
30m,finbert,0.005609403658253101,-0.0016952616124040185,0.00730466527065712,-0.0073060250351955364,0.022234079383217156,0.1695,-3.3088719860166664
30m,embed,0.005609403658253101,0.013211486069117201,-0.0076020824108641,-0.03641475438664715,0.01827837597680484,0.7195,0.42458536677153114
30m,random,0.005609403658253101,0.0015783705214408817,0.004031033136812219,-0.01758938596061547,0.026342455389833774,0.3845,3.5539206935595336
60m,finbert,0.0008488534628294269,-0.0038868031369888876,0.004735656599818314,-0.010146419454661208,0.018409883330598873,0.2535,-0.2183937371953021
60m,embed,0.0008488534628294269,0.01220651805210009,-0.011357664589270662,-0.038300337677784596,0.014115649488963317,0.804,0.06954099926009487
60m,random,0.0008488534628294269,-0.0009897050467354257,0.0018385585095648527,-0.019159491341128914,0.022818637293483313,0.461,-0.8576832720307911
close,finbert,0.0071541754524359095,0.006072123571215846,0.0010820518812200636,-0.014742631546905374,0.017517250032464828,0.4435,1.178199911205595
close,embed,0.0071541754524359095,0.00824537425844254,-0.0010911988060066302,-0.02742257798805282,0.025382565920708318,0.5445,0.8676592751518418
close,random,0.0071541754524359095,0.0016349776950696697,0.00551919775736624,-0.01562939322756005,0.026300036948485546,0.3125,4.3757021725798255
next_close,finbert,0.0005527614513281563,-0.0007051751578309994,0.0012579366091591557,-0.013241711540728833,0.015076837442870453,0.435,-0.783864044542292
next_close,embed,0.0005527614513281563,0.013807795978640446,-0.01325503452731229,-0.04056136481651507,0.011374380175303797,0.8575,0.040032562197705845
next_close,random,0.0005527614513281563,0.007466100011237377,-0.006913338559909221,-0.028344144464553057,0.012643361346159631,0.7565,0.074036170222229
